City_ID,City,Country,Max Temp,Current Description,Lat,Lng,Hotel Name
0,Antibes,FR,57.67,clear sky,43.5624,7.1278,"ROYAL ANTIBES Luxury Hotel, Residence, Beach & Spa"
2,Kodiak,US,42.31,moderate rain,57.79,-152.4072,Best Western Kodiak Inn
3,Kahului,US,82.42,few clouds,20.8947,-156.47,Maui Seaside Hotel
4,Hermanus,ZA,56.8,overcast clouds,-34.4187,19.2345,Misty Waves Boutique Hotel
5,Kavieng,PG,83.01,overcast clouds,-2.5744,150.7967,Nusa Island Retreat
6,Georgetown,MY,80.24,few clouds,5.4112,100.3354,Cititel Penang
8,Jamestown,US,35.19,light snow,42.097,-79.2353,Hampton Inn & Suites Jamestown
9,Pevek,RU,7.03,light snow,69.7008,170.3133,Severnoye Zoloto
10,Port Alfred,ZA,62.19,broken clouds,-33.5906,26.891,The Halyards Hotel & Spa
12,Clearlake,US,68.94,clear sky,38.9582,-122.6264,Americas Best Value Inn & Suites Clearlake Wine Country
13,Arraial Do Cabo,BR,73.26,broken clouds,-22.9661,-42.0278,Pousada Porto Praia
14,Puerto Ayora,EC,75.16,broken clouds,-0.7393,-90.3518,Finch Bay Galapagos Hotel
15,Ayan,RU,10.02,clear sky,56.45,138.1667,Gostinitsa
16,Roma,US,40.82,overcast clouds,43.2128,-75.4557,Wingate By Wyndham Rome
17,Thompson,CA,19.56,light snow,55.7435,-97.8558,Burntwood Hotel
18,Victoria,HK,74.32,overcast clouds,22.2855,114.1577,Mini Central
19,Kapaa,US,80.92,few clouds,22.0752,-159.319,Sheraton Kauai Coconut Beach Resort
20,Atuona,PF,78.03,clear sky,-9.8,-139.0333,Villa Enata
22,Porto Novo,BJ,82.22,clear sky,6.4965,2.6036,Tour Eiffel Hotel Benin
23,Castro,BR,62.26,clear sky,-24.7911,-50.0119,CHACARA BAILLY
24,Port Elizabeth,ZA,64.31,few clouds,-33.918,25.5701,39 On Nile Guest House
25,Tailai,CN,25.02,scattered clouds,46.3833,123.4,Pearl Garden Hotel
26,Cherskiy,RU,0.1,overcast clouds,68.75,161.3,Gostinitsa
27,Kupang,ID,80.06,broken clouds,-10.1667,123.5833,Hotel On The Rock by Prasanthi
28,Cape Town,ZA,62.28,clear sky,-33.9258,18.4232,"Radisson Blu Hotel Waterfront, Cape Town"
30,Hilo,US,80.33,scattered clouds,19.7297,-155.09,Hilo Hawaiian Hotel
31,Broome,US,40.69,overcast clouds,42.2506,-75.833,Chenango Valley State Park
32,Bredasdorp,ZA,57.76,overcast clouds,-34.5322,20.0403,Bredasdorp Country Manor
34,Rongcheng,CN,54.82,overcast clouds,30.634,117.8517,Shell Shandong Liaocheng Development District South Huangshan Road Hotel
35,Yulara,AU,67.28,few clouds,-25.2406,130.9889,Desert Gardens Hotel - Ayers Rock Resort
36,Bethel,US,45.48,broken clouds,41.3712,-73.414,Courtyard by Marriott Danbury
37,Saint George,US,54.43,clear sky,37.1041,-113.5841,Best Western Plus Abbey Inn
39,Punta Arenas,CL,57.31,broken clouds,-53.15,-70.9167,Hotel Hain
40,Ahipara,NZ,68.02,scattered clouds,-35.1667,173.1667,Ahipara Holiday Park
41,Pisco,PE,69.85,clear sky,-13.7,-76.2167,Hotel San Isidro Oficial
42,Gizo,SB,83.7,overcast clouds,-8.103,156.8419,Imagination Island
43,Oriximina,BR,84.9,broken clouds,-1.7656,-55.8661,Pousada Tia Am√©lia
44,Namibe,AO,68.18,scattered clouds,-15.1961,12.1522,Hotel Chik Chik Namibe
45,Rikitea,PF,73.04,moderate rain,-23.1203,-134.9692,People ThankYou
46,Jacareacanga,BR,81.39,overcast clouds,-6.2222,-57.7528,Casa do Ianüòé
47,Ciudad Bolivar,VE,84.63,overcast clouds,8.1222,-63.5497,Hotel Edi
48,Hithadhoo,MV,80.53,broken clouds,-0.6,73.0833,Scoop Guest House
49,Polson,US,29.48,overcast clouds,47.6936,-114.1632,Americas Best Value Port Polson Inn
50,Freeport,US,48.38,clear sky,40.6576,-73.5832,The Freeport Inn and Marina
52,Bodden Town,KY,86.0,scattered clouds,19.2833,-81.25,Will T Place
53,Butaritari,KI,80.87,broken clouds,3.0707,172.7902,Isles Sunset Lodge
54,Faanui,PF,79.14,overcast clouds,-16.4833,-151.75,Bora-Bora Pearl Beach Resort & Spa
55,Narsaq,GL,25.02,broken clouds,60.9167,-46.05,Sleep In Narsaq
57,Chuy,UY,66.09,clear sky,-33.6971,-53.4616,Nuevo Hotel Plaza
59,Jieznas,LT,31.59,overcast clouds,54.6,24.1667,Ustrone
60,Ushuaia,AR,56.86,scattered clouds,-54.8,-68.3,Albatross Hotel
61,Pochutla,MX,89.42,overcast clouds,15.7432,-96.4661,Hotel Posada San Jose
62,Hobart,AU,53.26,broken clouds,-42.8794,147.3294,St Ives Hobart Accommodation Tasmania
64,Busselton,AU,59.16,broken clouds,-33.65,115.3333,Observatory Guest House
65,Bama,NG,71.98,scattered clouds,11.5221,13.6856,UN Humanitarian Hub
66,Paamiut,GL,15.26,broken clouds,61.994,-49.6678,Pistut
68,Mendeleyevsk,RU,20.44,overcast clouds,55.9082,52.2905,Gostinyy Dvor
69,Janauba,BR,69.06,overcast clouds,-15.8025,-43.3089,Ouro Norte Palace Hotel
70,Mataura,NZ,58.48,overcast clouds,-46.1927,168.8643,Ellie's Villa
71,Hasaki,JP,46.22,scattered clouds,35.7333,140.8333,Inubosaki Kanko Hotel
73,Sao Filipe,CV,77.72,scattered clouds,14.8961,-24.4956,Hotel Xaguate
74,Chicama,PE,61.34,scattered clouds,-7.8447,-79.1469,Balihai Bungalows
75,Prieska,ZA,73.06,broken clouds,-29.6641,22.7474,Avenue GuestHouse
76,Vaini,TO,80.76,few clouds,-21.2,-175.2,Keleti Beach Resort
77,East London,ZA,67.17,broken clouds,-33.0153,27.9116,Tu Casa
78,Carnarvon,AU,66.96,overcast clouds,-24.8667,113.6333,Hospitality Carnarvon
79,Alpena,US,32.25,overcast clouds,45.0617,-83.4327,Days Inn by Wyndham Alpena
80,Kavaratti,IN,80.42,few clouds,10.5669,72.642,Green leaf
81,Basco,PH,80.73,overcast clouds,20.4487,121.9702,Nathaniel's Lodge
82,Bluff,NZ,58.8,overcast clouds,-46.6,168.3333,Bluff Homestead - Guesthouse & Campervan Park
83,Nanortalik,GL,20.3,broken clouds,60.1432,-45.2371,Hotel Kap Farvel
84,Norman Wells,CA,6.84,broken clouds,65.282,-126.8329,Heritage Hotel
85,Fortuna,US,64.92,clear sky,40.5982,-124.1573,Super 8 by Wyndham Fortuna
86,Cidreira,BR,68.31,clear sky,-30.1811,-50.2056,Hotel Castelo
89,Ambilobe,MG,73.11,broken clouds,-13.2,49.05,H√¥tel & Restaurant DIANA Ambilobe
90,Padang,ID,74.73,moderate rain,-0.9492,100.3543,Mercure Padang
91,Amahai,ID,80.02,overcast clouds,-3.3333,128.9167,HOTEL ISABELA
92,Severo-Kurilsk,RU,33.04,broken clouds,50.6789,156.125,Kak Doma
93,Zhezkazgan,KZ,21.94,scattered clouds,47.8043,67.7144,Hotel Zumrat
94,Daru,PG,82.54,overcast clouds,-9.0763,143.2092,Daru Lodge
97,Velyka Bahachka,UA,38.79,light rain,49.7912,33.7226,"Sanatoriy ""Ps πol"""
98,Brazzaville,CG,73.02,light rain,-4.2658,15.2832,Hotel Muesse
100,Katsuura,JP,56.55,scattered clouds,35.1333,140.3,Katsuura Hotel Mikazuki
101,Anito,PH,78.78,overcast clouds,12.4497,125.2886,El Felix Cottages
102,Lorengau,PG,82.94,overcast clouds,-2.0226,147.2712,Lorengau Harbourside Hotel
103,Barrow,US,28.42,clear sky,71.2906,-156.7887,King Eider Inn
104,Husavik,IS,42.94,overcast clouds,66.0449,-17.3389,Bjarnab√∫√∞
106,Semporna,MY,78.44,light rain,4.4818,118.6112,"Han Palace Hotel, Semporna, Sabah."
107,Usvyaty,RU,27.09,clear sky,55.7456,30.7533,Gostinitsa Usvyacha
108,Corvallis,US,53.62,clear sky,44.5646,-123.262,Hilton Garden Inn Corvallis
109,Yellowknife,CA,1.92,few clouds,62.456,-114.3525,The Explorer Hotel
110,Souillac,MU,70.18,scattered clouds,-20.5167,57.5167,Shanti Maurice Resort & Spa
111,Dalvik,IS,44.53,overcast clouds,65.9702,-18.5286,Dalv√≠k Hostel
112,Ribeira Grande,PT,65.77,scattered clouds,38.5167,-28.7,Quinta da Meia Eira
113,San Patricio,US,51.67,overcast clouds,28.017,-97.5169,"Motel 6 Sinton, TX"
114,Hamilton,US,36.37,overcast clouds,39.1834,-84.5333,Six Acres Bed & Breakfast
115,Champerico,GT,93.74,overcast clouds,14.3,-91.9167,"Hotel y restaurante ""El Diamante"""
116,Upernavik,GL,11.82,overcast clouds,72.7868,-56.1549,Caf√© de Upernavik
117,Alberton,CA,35.51,light rain,46.8168,-64.0654,La Petite France B&B
118,Chiman,PK,60.31,clear sky,32.5463,73.8138,Master Muhammad zafar iqbal
119,San Pedro,PH,77.36,few clouds,14.35,121.0167,Palines Apartment and Guesthouse
120,Trojan,PL,31.01,scattered clouds,53.7897,20.2404,Warmia Resort
121,Jalu,LY,63.54,clear sky,29.0331,21.5482,ÿµÿßÿ≠ÿ®ÿ© ÿßŸÑŸÅÿÆÿßŸÖÿ©
122,Tigil,RU,11.52,broken clouds,57.8,158.6667,Tigil'
123,Ulladulla,AU,57.07,scattered clouds,-35.35,150.4667,Sandpiper Motel
124,Coquimbo,CL,64.13,scattered clouds,-29.9533,-71.3436,Hotel San Juan
125,Kant,IN,63.03,clear sky,27.8,79.8,Faheem Auto Service Centre
127,Stornoway,GB,46.36,scattered clouds,58.2093,-6.3865,Caladh Inn
128,Estevan,CA,26.94,overcast clouds,49.1334,-102.9842,"Motel 6 Estevan, SK"
129,Saint-Philippe,RE,67.59,scattered clouds,-21.3585,55.7679,Le four √† pain
130,Miramar,US,86.0,overcast clouds,25.9873,-80.2323,Stadium Hotel
131,Sayan,PE,73.98,overcast clouds,-11.1361,-77.1933,Hotel Restaurant Vanessa
133,New Norfolk,AU,52.92,overcast clouds,-42.7826,147.0587,The Shingles Riverside Cottages
134,Ponta Do Sol,PT,70.72,broken clouds,32.6667,-17.1,Hotel do Campo
135,Tautira,PF,77.41,overcast clouds,-17.7333,-149.15,Pension Oaoa
136,Jambi,ID,73.0,moderate rain,-1.6,103.6167,ASTON Jambi Hotel & Conference Center
137,Mar Del Plata,AR,72.82,scattered clouds,-38.0023,-57.5575,Gran Hotel Mar del Plata
138,East Wenatchee Bench,US,37.54,overcast clouds,47.4257,-120.2812,Coast Wenatchee Center Hotel
139,Merke,KZ,24.39,scattered clouds,42.8728,73.1786,Gostinitsa Merki
140,Port Hardy,CA,41.18,scattered clouds,50.6996,-127.4199,Airport Inn-Port Hardy
141,San Carlos,VE,77.45,overcast clouds,9.6612,-68.5827,Hotel Paternopoli
142,Carutapera,BR,79.02,broken clouds,-1.195,-46.02,Lidera
143,Takoradi,GH,78.37,light rain,4.8845,-1.7554,Raybow International Hotel
144,Tasiilaq,GL,32.16,light snow,65.6145,-37.6368,The Red House
145,Sayyan,YE,51.06,clear sky,15.1718,44.3244,ŸÖÿ™ŸÜÿ≤Ÿá Ÿà ÿ®ÿ≠Ÿäÿ±ÿ© ÿ≥ŸäÿßŸÜ
146,Nikolskoye,RU,31.91,overcast clouds,59.7035,30.7861,Tourist House - Sablino
147,Lubao,PH,80.31,moderate rain,14.9167,120.55,Hacienda Gracia
148,Vardo,NO,31.98,clear sky,70.3705,31.1107,Vard√∏ Hotel AS
149,Sur,OM,76.37,clear sky,22.5667,59.5289,Sur Plaza Hotel
150,Shingu,JP,50.97,broken clouds,33.7333,135.9833,Shingu UI Hotel
151,Rosita,NI,79.5,scattered clouds,13.9268,-84.4032,Hospedaje Zeled√≥n
154,Iqaluit,CA,4.73,broken clouds,63.7506,-68.5145,Frobisher Inn
155,Lucea,JM,84.06,broken clouds,18.451,-78.1736,Grand Palladium Jamaica Resort & Spa
156,Tuatapere,NZ,57.67,overcast clouds,-46.1333,167.6833,Ron and Tony's Bed & Breakfast
158,Oshawa,CA,34.21,overcast clouds,43.9001,-78.8496,Comfort Inn
159,Sistranda,NO,42.76,clear sky,63.7256,8.834,Hotell Fr√∏ya
160,Avarua,CK,78.85,scattered clouds,-21.2078,-159.775,Paradise Inn
161,Bengkulu,ID,73.33,light rain,-3.8004,102.2655,Grage Hotel Bengkulu
162,Tighina,MD,38.17,broken clouds,46.8306,29.4711,–°–æ–ª–Ω—Ü–µ
163,Leh,IN,19.15,overcast clouds,34.1667,77.5833,Hotel Ladakh Greens
165,Kuytun,RU,22.21,overcast clouds,54.3419,101.5036,Gostinitsa Tsentral'naya
166,Tecoanapa,MX,84.11,scattered clouds,16.5167,-98.75,Hotel Manglares
167,Virginia Beach,US,55.44,broken clouds,36.8529,-75.978,Hilton Virginia Beach Oceanfront
168,Asau,RO,32.92,broken clouds,46.4333,26.4,Casa Mika Ciobanus
169,Banjar,ID,78.6,overcast clouds,-8.19,114.9675,The Hamsa Resort
171,Vanimo,PG,79.09,overcast clouds,-2.6741,141.3028,Vahmoneh Lodge Vanimo
172,Dakar,SN,80.73,clear sky,14.6937,-17.4441,Novotel Dakar
174,Sitka,US,48.09,few clouds,57.0531,-135.33,Westmark Sitka
175,Mahebourg,MU,70.09,scattered clouds,-20.4081,57.7,Shandrani Beachcomber Resort & Spa
176,Longyearbyen,SJ,24.64,scattered clouds,78.2186,15.6401,"Radisson Blu Polar Hotel, Spitsbergen"
177,Berbera,SO,79.18,clear sky,10.4396,45.0143,IBCO REAL ESTATE PROPERTY
179,Kruisfontein,ZA,60.89,broken clouds,-34.0033,24.7314,Oyster Bay House Rental
181,Sao Jose Da Coroa Grande,BR,77.38,broken clouds,-8.8978,-35.1478,Cr√¥a Mares Hotel
182,Ostersund,SE,27.05,overcast clouds,63.1792,14.6357,Best Western Hotel Gamla Teatern
183,Mujiayingzi,CN,29.79,clear sky,42.1167,118.7833,Jinjiang Hotel
184,Coruripe,BR,77.23,broken clouds,-10.1256,-36.1756,Pousada e Hotel Litoral Sul
185,Pataskala,US,37.06,overcast clouds,39.9956,-82.6743,Bubbies
186,Hay River,CA,13.98,light snow,60.8156,-115.7999,Ptarmigan Inn
187,Awbari,LY,61.21,scattered clouds,26.5921,12.7805,ÿßÿ≥ÿ™ÿ±ÿßÿ≠ÿ© ÿßŸÑÿ¥ÿßÿ±ÿ® ÿßŸÑÿπÿßÿ¶ŸÑŸä
188,Tabou,CI,77.83,clear sky,4.423,-7.3528,hot√™l doufoulougou
189,Maldonado,UY,74.59,clear sky,-34.6667,-54.9167,La Cimarrona
190,Kirakira,SB,83.41,broken clouds,-10.4544,161.9205,SanBiz Lodge
191,Penzance,GB,48.88,overcast clouds,50.1186,-5.5371,Artist Residence Penzance
192,Kieta,PG,82.67,overcast clouds,-6.2167,155.6333,Uruna Bay Retreat
193,Yar-Sale,RU,6.28,overcast clouds,66.8333,70.8333,Yalemd
194,Vila Velha,BR,71.94,broken clouds,-20.3297,-40.2925,Hotel Vit√≥ria Palace
195,Haines Junction,CA,22.95,overcast clouds,60.7522,-137.5108,Parkside Inn
196,Gorontalo,ID,75.25,overcast clouds,0.5412,123.0595,Maqna Hotel by Prasanthi
197,Ilulissat,GL,17.62,broken clouds,69.2167,-51.1,Hotel Arctic
198,Hami,CN,35.44,overcast clouds,42.8,93.45,Laoyutang Resort
199,Road Town,VG,84.29,scattered clouds,18.4167,-64.6167,"ZINGARA 76ft Catamaran, full crew-all included"
200,Mayo,US,49.96,clear sky,38.8876,-76.5119,Resorts Resource Group International
201,Komsomolskiy,UZ,39.92,scattered clouds,40.4272,71.7189,Ikathouse
202,Cockburn Town,TC,82.04,clear sky,21.4612,-71.1419,Osprey Beach Hotel
203,Xapuri,BR,88.2,light rain,-10.6517,-68.5044,Pousada dos Chapurys
205,Yangjiang,CN,72.5,overcast clouds,21.85,111.9667,HUALUXE Yangjiang City Center
206,Lebu,CL,61.7,clear sky,-37.6167,-73.65,Hostal Las Lilas
207,Leningradskiy,RU,7.0,overcast clouds,69.3833,178.4167,Gostinitsa
208,Dunedin,NZ,55.8,overcast clouds,-45.8742,170.5036,Scenic Hotel Southern Cross
209,Warrnambool,AU,54.99,scattered clouds,-38.3833,142.4833,Lady Bay Resort
212,Kaitangata,NZ,53.69,overcast clouds,-46.2817,169.8464,Kaitangata Motor Camp
213,Dali,CN,43.88,clear sky,25.7,100.1833,Dali Travelling With Hostel
215,Korla,CN,39.36,overcast clouds,41.7597,86.1469,Gulisitan Hotel
216,Caibarien,CU,83.52,clear sky,22.5206,-79.4669,La Nena
217,Gweta,BW,81.1,clear sky,-20.1833,25.2333,Gweta Lodge
218,Moerai,PF,70.5,overcast clouds,-22.4333,-151.3333,Le Manotel
219,Ayagoz,KZ,20.84,few clouds,47.9714,80.4392,Gostinitsa Nur
220,San Quintin,MX,67.12,clear sky,30.4833,-115.95,Don Eddie's Sport Fishing Center
221,Quatre Cocos,MU,69.91,clear sky,-20.2078,57.7625,Sunrise Attitude Hotel
222,Ulaangom,MN,15.31,overcast clouds,49.9811,92.0667,Achit Nuur Hotel & Restaurant
223,Carmen,MX,84.24,few clouds,18.6333,-91.8333,Hotel Lossandes
225,Lata,PT,63.07,overcast clouds,40.1629,-8.3327,Terra√ßos da Beira
226,Christchurch,NZ,66.94,few clouds,-43.5333,172.6333,The George
228,Cap Malheureux,MU,69.48,clear sky,-19.9842,57.6142,Pereybere Hotel & Spa
229,Jinchang,CN,34.66,clear sky,38.4953,102.1739,Mingshihui Jinchang International Hotel
230,Richards Bay,ZA,71.22,light rain,-28.783,32.0377,BON Hotel Waterfront Richards Bay
231,Coihaique,CL,63.21,overcast clouds,-45.5752,-72.0662,Diego De Almagro Coyhaique
232,Nacala,MZ,76.01,overcast clouds,-14.5428,40.6728,Nacala Plaza Business Design Hotel
233,Porkhov,RU,31.64,overcast clouds,57.765,29.5561,Hotel Parking
234,Reconquista,AR,85.75,clear sky,-29.15,-59.65,Grand Hotel
235,Spermezeu,RO,44.08,light rain,47.3,24.15,Pensiunea Anica
236,Matara,LK,74.84,overcast clouds,5.9485,80.5353,Amaloh Boutique Resort
238,Dingle,PH,76.28,overcast clouds,10.9995,122.6711,SEGAYA PROPERTY
239,Marrakesh,MA,69.87,clear sky,31.6315,-8.0083,Les Jardins de La Koutoubia
240,Karratha,AU,70.59,clear sky,-20.7377,116.8463,ibis Styles Karratha
241,Qasigiannguit,GL,17.85,overcast clouds,68.8193,-51.1922,Almost HOME
242,Vila Franca Do Campo,PT,65.19,broken clouds,37.7167,-25.4333,Pestana Bahia Praia
243,Saint-Joseph,RE,66.58,few clouds,-21.3667,55.6167,"""Plantation Bed and Breakfast"
244,Mapiripan,CO,77.23,overcast clouds,2.8892,-72.1256,Monserrate
245,Caceres,ES,59.59,overcast clouds,39.522,-6.3748,Ahc Hoteles
246,Falam,MM,48.45,clear sky,22.9167,93.6833,Falang Government Guesthouse
247,Kirovskiy,RU,21.83,few clouds,45.0917,133.5136,"Uyut, Gostinitsa"
249,Aden,YE,79.54,clear sky,12.7794,45.0367,Sama Emirate Hotel
250,Sampit,ID,73.96,light rain,-2.5333,112.95,Aquarius Boutique Hotel Sampit
251,Abha,SA,55.22,clear sky,18.2164,42.5053,Abha Hotel
252,Cabuyaro,CO,81.27,overcast clouds,4.2817,-72.794,Hotel La Cuarta
253,Erin,US,47.1,scattered clouds,36.3184,-87.6947,Horizon Inn
254,Rosarito,MX,76.41,clear sky,32.3333,-117.0333,Hotel Festival Plaza Rosarito
255,Cayenne,GF,84.24,overcast clouds,4.9333,-52.3333,H√¥tel Le Dronmi
256,Isangel,VU,81.68,overcast clouds,-19.55,169.2667,Tanna Lodge
257,Luganville,VU,83.82,clear sky,-15.5333,167.1667,The Espiritu Hotel
258,Vestmannaeyjar,IS,47.52,overcast clouds,63.4427,-20.2734,Glamping & Camping
259,Shache,CN,37.81,broken clouds,38.4167,77.2406,Delong Hotel
260,Northam,GB,49.6,light rain,51.0333,-4.2167,Durrant House Hotel
261,Guerrero Negro,MX,74.34,clear sky,27.9769,-114.0611,"Casa Laguna, Bed & Breakfast"
262,Tyazhinskiy,RU,26.17,overcast clouds,56.116,88.524,Gostinitsa Udacha
263,Posse,BR,69.48,overcast clouds,-14.0931,-46.3694,Pousada das Palmeiras
264,Kunszentmarton,HU,51.13,overcast clouds,46.8392,20.2888,Igl√≥di Panzi√≥
265,Praia,CV,77.54,few clouds,14.9215,-23.5087,LT Aparthotel
266,Batangafo,CF,74.03,broken clouds,7.3008,18.2833,OCHA Office
268,Huilong,CN,55.92,overcast clouds,31.8111,121.655,Hilton Garden Inn Qidong
269,Antofagasta,CL,67.28,clear sky,-23.65,-70.4,"Holiday Inn Express Antofagasta, an IHG Hotel"
270,Iskateley,RU,8.1,broken clouds,67.6803,53.1512,Hostel Agat
271,Puerto Baquerizo Moreno,EC,70.79,overcast clouds,-0.9,-89.6,Hotel los Algarrobos
273,Kokstad,ZA,57.56,overcast clouds,-30.5472,29.4241,Majestic Bed and Breakfast
274,Saint Anthony,US,33.4,overcast clouds,45.0205,-93.218,Holiday Inn Express Roseville-St. Paul
275,Solnechnyy,RU,13.62,few clouds,50.7214,136.6319,Hotel complex Pastoral
276,Sao Joao Da Barra,BR,75.29,overcast clouds,-21.6403,-41.0511,Pousada Porto De Canoas
277,Mount Gambier,AU,55.24,scattered clouds,-37.8333,140.7667,The Commodore
278,Devonport,AU,52.09,clear sky,-41.1667,146.35,Gateway Hotel by Nightcap Plus
279,Grindavik,IS,46.35,broken clouds,63.8424,-22.4338,Northern Light Inn & Max's Restaurant
280,Olafsvik,IS,44.1,overcast clouds,64.8945,-23.7142,Hotel Olafsvik
281,Ponta Delgada,PT,65.5,scattered clouds,37.7333,-25.6667,Vila Nova Hotel
282,Flin Flon,CA,22.84,light snow,54.7682,-101.865,Victoria Inn Flin Flon
283,Eston,CA,21.92,overcast clouds,51.1501,-108.7514,Hearthside Place B&B
284,Hovd,MN,27.97,overcast clouds,48.0056,91.6419,Hotel Buyant
285,Grimshaw,CA,19.02,few clouds,56.1834,-117.6027,Coast Grimshaw Hotel & Suites
286,Whitehorse,CA,21.81,overcast clouds,60.7161,-135.0538,The Sternwheeler Hotel & Conference Centre
287,Fare,PF,78.76,broken clouds,-16.7,-151.0167,Maitai Lapita Village Huahine
288,Freetown,SL,78.66,broken clouds,8.484,-13.2299,The Country Lodge Hotel
290,Nome,US,29.16,overcast clouds,64.5011,-165.4064,Dredge 7 Inn
292,Saldanha,ZA,57.25,broken clouds,-33.0117,17.9442,Blue Bay Lodge
293,Najran,SA,63.25,clear sky,17.4924,44.1277,ŸÖÿ≠ŸÖÿØ ŸáÿßÿØŸä ÿßŸÑ ŸÅÿ∑Ÿäÿ≠
294,Bandarbeyla,SO,78.06,few clouds,9.4942,50.8122,JABIR HOTEL
295,Tura,IN,60.51,clear sky,25.5198,90.2201,Hotel RIKMAN Continental
296,Moree,AU,58.87,broken clouds,-29.4667,149.85,Molika Springs Motel
297,Ipswich,GB,51.06,moderate rain,52.0592,1.1555,Novotel Ipswich Centre
298,Hauterive,FR,56.16,overcast clouds,46.0901,3.4459,Aletti Palace Hotel
300,Bambous Virieux,MU,70.05,scattered clouds,-20.3428,57.7575,Casa Tia Villa
301,Sioux Lookout,CA,24.87,broken clouds,50.1001,-91.917,Knobby's Fly-In Camps
302,Soyo,AO,76.87,overcast clouds,-6.1349,12.3689,Hospedaria ndozi'ame
303,Barlinek,PL,39.15,overcast clouds,52.9946,15.2186,Hotel Barlinek
304,Azuaga,ES,56.97,overcast clouds,38.2667,-5.6833,Casa Rural La Hoya
305,Cabo San Lucas,MX,82.51,broken clouds,22.8909,-109.9124,Hotel Tesoro Los Cabos
306,Tsiroanomandidy,MG,66.88,light rain,-18.7667,46.0333,Hotel Ravinala
307,Shahrud,IR,47.84,overcast clouds,36.4182,54.9763,Royal Hotel
308,Port Hedland,AU,69.85,broken clouds,-20.3167,118.5667,The Esplanade Hotel
309,Hambantota,LK,75.54,broken clouds,6.1241,81.1185,Bungalow 63
310,Moindou,NC,80.01,overcast clouds,-21.6924,165.677,Equi-lodge de Moindou
311,Te Anau,NZ,58.01,light rain,-45.4167,167.7167,Kingsgate Hotel Te Anau
313,Hualmay,PE,66.72,overcast clouds,-11.0964,-77.6139,Hotel Villa Kitzia Huacho
314,Tuktoyaktuk,CA,10.4,broken clouds,69.4541,-133.0374,End of The Road Ltd.
315,Severnoye,RU,12.63,overcast clouds,56.3491,78.3619,Gostinitsa Severyanka
316,Sorong,ID,79.47,overcast clouds,-0.8833,131.25,Waigo Splash Hotel
317,Bontang,ID,76.35,overcast clouds,0.1333,117.5,KOPKAR Hotel Bintang Sintuk
318,Nuristan,AF,8.89,clear sky,35.3,70.8333,ŸÑŸé⁄©⁄ÜŸè⁄© ŸáŸàŸºŸÑ
319,Mazatan,MX,87.87,few clouds,14.8667,-92.45,Jose Luis Villalobos De La Cruz
320,Katobu,ID,75.72,overcast clouds,-4.9408,122.5276,La Ode Husein
321,Grand Gaube,MU,70.2,clear sky,-20.0064,57.6608,Veranda Paul et Virginie Hotel & Spa
322,Bathsheba,BB,83.01,few clouds,13.2167,-59.5167,Atlantis Hotel
324,Rio Grande,BR,87.91,clear sky,-32.035,-52.0986,Hotel Atl√¢ntico Rio Grande
325,Palmer,US,43.86,broken clouds,42.1584,-72.3287,Wedgewood Motel
326,Portland,US,54.97,few clouds,45.5234,-122.6762,Embassy Suites by Hilton Portland Downtown
327,Adwa,ET,57.24,clear sky,14.1646,38.8955,Maay Assa Hotel
328,Chapais,CA,20.98,light snow,49.7834,-74.8492,H√¥tel Op√©miska
329,Monroe,US,39.85,overcast clouds,43.1501,-77.6831,Rodeway Inn Rochester Airport
330,Peniche,PT,65.1,overcast clouds,39.3558,-9.3811,Hotel Star inn Peniche
331,Mehamn,NO,37.35,clear sky,71.0357,27.8492,Mehamn Arctic Hotel AS
332,Tiarei,PF,82.42,broken clouds,-17.5333,-149.3333,Le Rocher de Tahiti
334,Petropavlovsk-Kamchatskiy,RU,12.79,clear sky,53.0452,158.6483,The Hotel Petropavlovsky
336,Fairbanks,US,17.6,clear sky,64.8378,-147.7164,Westmark Fairbanks Hotel & Conference Center
338,Leshukonskoye,RU,23.94,overcast clouds,64.8989,45.7622,Pryalitsa Hostel
339,Faya,SA,55.51,clear sky,18.3851,42.4509,ÿ¥ŸäŸÑÿ© ŸÜÿ≥ÿßŸäŸÖ
340,San Juan,AR,97.88,clear sky,-31.5375,-68.5364,Hotel Provincial
341,Suozhen,CN,48.16,clear sky,36.9539,118.1047,Jianguo Hotel
342,Birjand,IR,39.67,clear sky,32.8663,59.2211,Birjand Tourist Hotel
343,Foam Lake,CA,21.22,overcast clouds,51.65,-103.5343,Foam Lake Campground
344,Marsh Harbour,BS,79.41,scattered clouds,26.5412,-77.0636,Abaco Beach Resort
345,Nantucket,US,53.71,broken clouds,41.2835,-70.0995,Jared Coffin House
347,Pinotepa Nacional,MX,85.06,scattered clouds,16.3167,-98.0167,Hotel Maria Del Carmen
348,Wasilla,US,38.73,clear sky,61.5814,-149.4394,Alaska's Select Inn Wasilla
349,Kostinbrod,BG,50.99,overcast clouds,42.8167,23.2167,–¶–°–†–ò –ö–æ—Å—Ç–∏–Ω–±—Ä–æ–¥
351,Bishop Auckland,GB,45.32,overcast clouds,54.6555,-1.6771,Premier Inn Bishop Auckland hotel
352,Muroto,JP,59.77,overcast clouds,33.2833,134.15,Oota Ryokan
354,Vilhena,BR,82.11,overcast clouds,-12.7406,-60.1458,Hotel Mirage
355,Magistralnyy,RU,29.3,overcast clouds,56.1725,107.4458,–ú–∞–≥–∏—Å—Ç—Ä–∞–ª—å
357,Sirnak,TR,42.87,overcast clouds,37.5228,42.4594,≈ûehr-i Nuh Otel
359,Sladkovo,RU,7.11,overcast clouds,55.5284,70.3385,Gostinitsa
360,Dubbo,AU,51.93,clear sky,-32.25,148.6167,Quality Inn Dubbo International
361,Eureka,US,65.19,clear sky,40.8021,-124.1637,Eureka Inn Trademark By Wyndham
362,Haimen,CN,67.89,overcast clouds,23.1935,116.6142,Shantou Chaoyang Donghui Hotel
363,Canora,CA,23.02,overcast clouds,51.6333,-102.4343,Canora Hotel
364,Trofors,NO,22.87,few clouds,65.5333,13.4063,Utp√• Neset AS
365,Tsabong,BW,78.46,clear sky,-26.0217,22.401,Springbok Motel
366,Denham Springs,US,50.92,scattered clouds,30.4869,-90.9562,"Candlewood Suites Denham Springs, an IHG Hotel"
367,Beyneu,KZ,33.6,overcast clouds,45.3167,55.2,NUR
368,Riyadh,SA,73.54,clear sky,24.6877,46.7219,"InterContinental Riyadh, an IHG Hotel"
371,Nkhata Bay,MW,76.69,clear sky,-11.6066,34.2907,Mayoka Village
372,Prince Rupert,CA,46.09,broken clouds,54.3161,-130.3201,Crest Hotel
373,Ballina,AU,63.01,overcast clouds,-28.8667,153.5667,Ramada Hotel & Suites by Wyndham Ballina Byron
374,Sagarejo,GE,41.43,overcast clouds,41.734,45.3315,·Éö·Éù·Éñ·Éê
375,Maple Creek,CA,26.65,overcast clouds,49.9168,-109.4848,Willowbend Campground & Cabins
376,Asosa,ET,63.01,clear sky,10.0667,34.5333,Blendana Hotel Assosa
378,Kaeo,NZ,67.32,broken clouds,-35.1,173.7833,Bushido Lodge
379,Krasnoborsk,RU,21.81,overcast clouds,61.5598,45.934,"Baza Otdykha ""Medvezhiy Ugol"""
380,Inhambane,MZ,73.47,clear sky,-23.865,35.3833,Oceano
381,Saint-Georges,GD,82.08,few clouds,12.0564,-61.7485,Radisson Grenada Beach Resort
382,Saint-Augustin,CA,21.29,broken clouds,51.226,-58.6502,Riverview Inn
383,Grabovo,RU,30.52,overcast clouds,53.3875,45.064,–ê–ª–µ–∫—Å–∞–Ω–¥—Ä–æ–≤—Å–∫–∏–π N 14 –°–ø–∏—Ä—Ç–∑–∞–≤–æ–¥
384,Meulaboh,ID,74.89,light rain,4.1363,96.1285,Kost Pria
385,Jumla,NP,37.47,clear sky,29.2747,82.1838,Royal Garden Hotel
386,Rio Verde De Mato Grosso,BR,77.74,clear sky,-18.9181,-54.8442,Quedas Palace Hotel
389,Mount Isa,AU,73.17,broken clouds,-20.7333,139.5,ibis Styles Mt Isa Verona
390,Hobyo,SO,80.19,few clouds,5.3505,48.5268,Halane Hotel and Restaurent
392,Guantanamo,CU,87.37,broken clouds,20.1444,-75.2092,Hotel Guant√°namo
393,Clyde River,CA,5.23,light snow,70.4692,-68.5914,Qamaq Hotel
394,Pamantingan,PH,71.4,moderate rain,6.7044,124.4589,Ga-as Hot and Cold Resort
395,Sandwick,GB,51.62,light rain,60.0,-1.25,Beach House Self-Catering Accomodation
396,Sao Luis De Montes Belos,BR,82.2,clear sky,-16.525,-50.3722,Hotel Farol
397,Sondrio,IT,51.94,broken clouds,46.169,9.8692,Grand Hotel della Posta
398,Adelaide,AU,58.15,clear sky,-34.9333,138.6,The Chancellor on Currie
399,Kenai,US,34.14,clear sky,60.5544,-151.2583,Aspen Extended Stay Suites
400,Erode,IN,70.39,overcast clouds,11.35,77.7333,Hotel Aishwaryaa - the business way
401,Wukari,NG,76.59,overcast clouds,7.85,9.7833,Elimtop
402,Myitkyina,MM,56.46,clear sky,25.3833,97.4,Shwe Phyu Hotel
403,Nikolayevka,RU,26.4,overcast clouds,53.1257,47.2041,"Hotel ""Prestige"""
404,Salmon Arm,CA,35.44,overcast clouds,50.6998,-119.3024,Podollan Inn Salmon Arm
405,Sisimiut,GL,20.41,light snow,66.9395,-53.6735,Hotel Sisimiut
406,Bardiyah,LY,65.8,clear sky,31.7561,25.0865,ÿ®Ÿàÿ±ÿ™Ÿà ÿ®ÿ±ÿØŸäÿ©
407,Ipixuna,BR,77.9,overcast clouds,-1.7625,-48.8043,Chal√© do Mato
408,Plettenberg Bay,ZA,61.16,overcast clouds,-34.0527,23.3716,Thanda Vista B&B
409,Tucumcari,US,45.95,overcast clouds,35.1717,-103.725,"Holiday Inn Express & Suites Tucumcari, an IHG Hotel"
410,Erenhot,CN,29.37,clear sky,43.6475,111.9767,Erenhot Rurouni Youth Hostel
411,Berlevag,NO,39.15,clear sky,70.8578,29.0864,Kvitbrakka
412,El Alto,PE,71.26,broken clouds,-4.2714,-81.2147,Black Marlin Restaurant & Hospedaje
413,Laylay,PH,80.01,broken clouds,13.4391,121.8202,Chateau Du Mer
414,Celestun,MX,81.77,light rain,20.8667,-90.4,Posada Lilia
415,Morant Bay,JM,83.82,few clouds,17.8815,-76.4093,Whispering Bamboo Cove Resort
417,Afsin,TR,44.17,overcast clouds,38.2477,36.914,Altunelma Erkek Ogrenci Yurdu
418,Bilma,NE,67.84,clear sky,18.6853,12.9164,Expeditions T√©n√©re voyages
419,Hermosillo,MX,81.25,clear sky,29.0667,-110.9667,ibis Hermosillo
420,Pala,TD,75.29,broken clouds,9.3642,14.9046,Hotel Pala Palace
421,Alugan,PH,80.31,broken clouds,12.2188,125.4808,JM Lodge
422,Akyab,MM,72.28,broken clouds,20.15,92.9,·Äü·Ä≠·ÄØ·Äê·Äö·Ä∫ ·Äô·Äî·Ä∫·Äô·Ä≠·ÄØ·Äõ·ÄÆ
423,Sorland,NO,44.46,scattered clouds,67.667,12.6934,Sjybrygga fiskecamp
424,Lerwick,GB,51.8,light rain,60.1545,-1.1494,The Lerwick Hotel
425,Pasco,US,74.12,overcast clouds,28.292,-82.4165,Connection Community/Park
426,Paragominas,BR,79.84,broken clouds,-2.9667,-47.4833,INOVA
427,Moron,AR,94.01,clear sky,-34.6534,-58.6198,Hotel Mor√≥n
428,Laguna,US,67.28,clear sky,38.421,-121.4238,"Holiday Inn Express & Suites Elk Grove Central - Hwy 99, an IHG Hotel"
429,Mahon,ES,64.96,few clouds,39.8885,4.2658,ARTIEM Capri
430,Palauig,PH,79.93,broken clouds,15.435,119.9045,Villa Raphael Resort
431,Rolleston,NZ,69.89,few clouds,-43.5833,172.3833,Colcannon House
432,Nouadhibou,MR,75.18,clear sky,20.931,-17.0347,El Medina
433,Bankfoot,GB,44.51,moderate rain,56.5,-3.5,Bankfoot Inn
434,Makasar,ID,73.45,few clouds,-5.14,119.4221,Aryaduta Makassar
435,Lancaster,US,44.1,overcast clouds,40.2504,-76.2499,Refreshing Mountain Retreat and Adventure Center
436,Otane,NZ,68.22,moderate rain,-39.8833,176.6333,Ludlow Farmstay
437,Vestmanna,FO,47.32,light rain,62.1564,-7.1664,Budget Guesthouse Borgustova
438,Kalmunai,LK,74.28,overcast clouds,7.4167,81.8167,VS Villa
439,Banfora,BF,75.74,overcast clouds,10.6333,-4.7667,Residences David Hebi√©
440,Sinnamary,GF,79.41,overcast clouds,5.3833,-52.95,ALETHEIA Appartement Sinnamary
442,Am Timan,TD,76.71,few clouds,11.0297,20.2827,Palais du chef Canton Salamt
443,Nautla,MX,65.93,light rain,20.2167,-96.7833,Casa Blanca
445,Malishka,AM,43.7,broken clouds,39.7376,45.39,–ì—Ä–∞–≤ –†–æ–¥–Ω–∏–∫ –ì–æ–∑–∏—Ä–æ–≤–æ–Ω–æ–π –í–æ–¥—ã
448,Nemuro,JP,41.07,broken clouds,43.3236,145.575,Hotel Nemuro Kaiyoutei
449,Svetlyy,RU,33.85,few clouds,54.675,20.1347,"Gostinitsa-Kafe, Alena"
450,Ngunguru,NZ,65.79,broken clouds,-35.6167,174.5,Pacific Rendezvous Motel Resort
451,Itoman,JP,74.17,scattered clouds,26.1247,127.6694,Southern Beach Hotel & Resort Okinawa
452,Roebourne,AU,70.14,clear sky,-20.7833,117.1333,Latitude20 Roebourne Village
453,Issia,CI,72.63,few clouds,6.4922,-6.5856,H√¥tel Ange Ana√©
454,Vila,PT,53.71,overcast clouds,42.0304,-8.1588,Hotel Castrum Villae by Walk Hotels
456,Oranjestad,AW,84.15,few clouds,12.524,-70.027,Divi Village Golf & Beach Resort
457,Buraydah,SA,72.05,overcast clouds,26.326,43.975,M√∂venpick Qassim
458,Samarai,PG,84.09,overcast clouds,-10.6167,150.6667,Nuli Sapi
459,Veinticinco De Mayo,AR,89.98,few clouds,-35.4323,-60.1727,Estancia La Rosada
460,Shimoda,JP,49.1,scattered clouds,34.6667,138.95,Shimoda Tokyu Hotel
462,Kralendijk,BQ,84.18,few clouds,12.15,-68.2667,Divi Flamingo Beach Resort & Casino
463,Sambava,MG,71.67,light rain,-14.2667,50.1667,Melrose
464,Kailua,US,84.18,few clouds,21.4022,-157.7394,Sheffield House Bed & Breakfast
465,Goderich,CA,34.12,broken clouds,43.7501,-81.7165,Harmony Inn
466,Kutum,SD,63.82,clear sky,14.2,24.6667,Dibbo areaŸÖŸÜÿ∑ŸÇÿ© ÿØÿ®Ÿà
467,Mayumba,GA,76.39,light rain,-3.432,10.6554,LIKWALE LODGE
468,Timizart,DZ,61.74,light rain,36.8,4.2667,TOUATI LOTFI
469,Muborak,UZ,41.81,clear sky,39.2553,65.1528,Muborak temiryo ªl vakzali
470,Caravelas,BR,74.62,overcast clouds,-17.7125,-39.2481,Pousada dos Navegantes
471,Eirunepe,BR,78.39,overcast clouds,-6.6603,-69.8736,Hotel novo Acre & Comercial Aguiar
473,Roswell,US,48.07,clear sky,34.0232,-84.3616,La Quinta Inn & Suites by Wyndham Atlanta Roswell
474,Huarmey,PE,67.26,overcast clouds,-10.0681,-78.1522,Hotel Miramar
475,Acapulco,MX,85.82,scattered clouds,16.8634,-99.8901,HS Hotsson Smart Acapulco
476,Santo Antonio Do Ica,BR,77.5,overcast clouds,-3.1022,-67.9397,HOTEL AMAZON WAY
477,Punto Fijo,VE,82.2,overcast clouds,11.6956,-70.1996,Santa Fe Inn Hotel
478,Labuhan,ID,79.05,overcast clouds,-6.8844,112.2051,DoubleFAG
479,Mareeba,AU,74.12,clear sky,-17.0,145.4333,Trinity Plains Tourist Park
481,Aljezur,PT,65.28,overcast clouds,37.3191,-8.8033,Amazigh Hostel
482,Muros,ES,62.1,overcast clouds,42.7762,-9.0603,Apartment Av. Castelao
484,Trairi,BR,79.47,few clouds,-3.2778,-39.2689,janelas do mar
488,Baihar,IN,57.76,clear sky,22.1,80.55,T3 RESORT & RESEARCH CENTRE
489,Mindelo,CV,76.55,few clouds,16.8901,-24.9804,Hotel Gaudi
491,Koutiala,ML,76.69,overcast clouds,12.3917,-5.4642,Hotel La Chaumiere
492,Gimli,CA,17.62,light snow,50.6336,-96.9907,Lakeview Gimli Resort
494,Mali,GN,64.87,overcast clouds,12.079,-12.2982,Hotel La Dame de Mali
496,Goianesia,BR,77.02,scattered clouds,-15.3175,-49.1175,Kamur Plaza Hotel - Goian√©sia
497,Lethem,GY,84.54,overcast clouds,3.3803,-59.7968,Savannah Inn
498,Mitchell,US,24.12,overcast clouds,43.7094,-98.0298,Kelly Inn & Suites
499,Kamaishi,JP,42.26,scattered clouds,39.2667,141.8833,Hotel Route Inn Kamaishi
500,Sochi,RU,53.69,overcast clouds,43.6,39.7303,Sochi Briz
501,San Cristobal,VE,75.38,broken clouds,7.7669,-72.225,Pirineos
502,Point Pleasant,US,49.96,clear sky,40.0832,-74.0682,Point Pleasant Manor
503,Plainview,US,47.88,clear sky,40.7765,-73.4673,Four Points by Sheraton Melville Long Island
504,Chengde,CN,34.72,clear sky,40.9725,117.9361,Super 8 Hotel
505,Ko Samui,TH,81.07,overcast clouds,9.5357,99.9357,The Passage
506,Bayburt,TR,38.3,overcast clouds,40.2589,40.2278,Bayburt Otel Konaklama
507,West Wendover,US,34.81,clear sky,40.7391,-114.0733,"Motel 6 Wendover, UT"
508,Atar,MR,79.05,clear sky,20.5169,-13.0499,Oumou Elghoura
509,Nanakuli,US,84.15,scattered clouds,21.3906,-158.1547,Camp PƒÅlehua
510,Waw,SS,77.22,scattered clouds,7.7029,27.9953,Universal Gab Hotel
511,Havoysund,NO,37.63,broken clouds,70.9963,24.6622,Arctic View Glamping & Restaurant
512,Ternate,ID,80.64,overcast clouds,0.8,127.4,Sahid Bela Ternate Hotel
513,Itarema,BR,79.21,few clouds,-2.9248,-39.9167,"Sea Lounge! Bar, Club & Restaurant"
514,Dezhou,CN,45.18,clear sky,37.4486,116.2925,Zhongtai International Hotel
515,Aasiaat,GL,11.7,overcast clouds,68.7098,-52.8699,Hotel Aasiaat S√∏mandshjem
516,Windsor,CA,40.03,overcast clouds,42.3001,-83.0165,Detroit Marriott at the Renaissance Center
518,Srivardhan,IN,72.72,clear sky,18.0333,73.0167,Savli Resort/Hotel - Shrivardhan
520,Geraldton,AU,64.81,broken clouds,-28.7667,114.6,Broadwater Mariner Resort
521,High Level,CA,15.91,clear sky,58.5169,-117.136,Days Inn by Wyndham High Level
522,Kristiansund,NO,48.85,clear sky,63.1115,7.732,Thon Hotels Storgata
523,Mao,ES,64.96,few clouds,39.8885,4.2658,ARTIEM Capri
524,Margate,GB,56.89,moderate rain,51.3813,1.3862,Premier Inn Margate hotel
526,Hamada,JP,52.41,overcast clouds,34.8833,132.0833,Shimane Hamada Washington Hotel Plaza
527,Comodoro Rivadavia,AR,60.66,clear sky,-45.8667,-67.5,Austral Hotel
528,Nampula,MZ,75.15,clear sky,-15.1165,39.2666,Ruby Backpackers
529,Omboue,GA,75.45,light rain,-1.5746,9.2618,Hotel Olako
530,Bela,IN,66.9,clear sky,25.9333,81.9833,Raj Bhawan
531,Alice Springs,AU,60.35,overcast clouds,-23.7,133.8833,Desert Palms Alice Springs
533,Basoko,CD,69.71,moderate rain,1.2391,23.616,Jackyna Hotel
534,Jiuquan,CN,31.59,clear sky,39.7432,98.5174,Jiuquan Hotel
535,Kangavar,IR,47.8,overcast clouds,34.5043,47.9653,ÿÆÿßŸÜŸá ŸÖÿπŸÑŸÖ ⁄©ŸÜ⁄ØÿßŸàÿ±
536,Aklavik,CA,10.4,broken clouds,68.2191,-135.0107,Aklavik Inn
537,Maracacume,BR,78.69,scattered clouds,-2.0428,-45.9592,Hotel Ramos
538,Puerto Lempira,HN,82.54,broken clouds,15.2667,-83.7667,Polloki
539,Bumba,CD,70.56,moderate rain,2.1833,22.4667,P√®re Carlos
540,Palomares,MX,75.38,light rain,17.15,-95.0667,Hotel Monarca
541,Beni,CD,62.06,light rain,0.5,29.4667,Albertine hotel
542,Hofn,IS,44.76,overcast clouds,64.2539,-15.2082,H√≥tel H√∂fn
543,Huanren,CN,33.17,clear sky,41.2647,125.3667,Dynasty Wunvshan Ice Chateau
544,Esperance,AU,60.33,overcast clouds,-33.8667,121.9,Hospitality Esperance
545,Jibuti,DJ,70.93,clear sky,11.5,42.5,Orchid Main Camp Goubet
546,Olinda,BR,80.33,few clouds,-8.0089,-34.8553,Flat Quatro Rodas Olinda
547,Siderno,IT,63.34,overcast clouds,38.2779,16.302,Grand Hotel President
548,Waynesville,US,43.88,scattered clouds,35.4887,-82.9887,Best Western Smoky Mountain Inn
549,Santarem,BR,87.93,clear sky,-2.4431,-54.7083,Hotel Imperador
550,Ambulu,ID,76.28,overcast clouds,-8.345,113.6058,Hotel Ambulu Jember
551,Kitimat,CA,38.91,light rain,54.0524,-128.6534,Kingfish Westcoast Adventures Ltd. Kitimat Estuary Lodge B&B
552,Anadyr,RU,34.3,clear sky,64.75,177.4833,–û—Ç–∫–µ17.—Ä—É ‚Äî –∂–∏–ª—å—ë –¥–ª—è –∫–æ–º–∞–Ω–¥–∏—Ä–æ–≤–∞–Ω–Ω—ã—Ö
553,Maragogi,BR,77.09,broken clouds,-9.0122,-35.2225,Salinas do Maragogi All Inclusive Resort
554,Stade,DE,42.8,light rain,53.6,9.4833,H+ Hotel Stade
555,La Macarena,CO,75.34,overcast clouds,2.1837,-73.7849,Casa Hotel Real
556,Myingyan,MM,66.74,clear sky,21.4667,95.3833,Yamethin
558,San Carlos De Bariloche,AR,67.75,few clouds,-41.1456,-71.3082,Hotel Patagonia
559,Aswan,EG,63.7,clear sky,24.0934,32.907,Nuba Nile
560,Makakilo City,US,82.72,scattered clouds,21.3469,-158.0858,Marriott's Ko Olina Beach Club
561,Abai,PY,71.46,clear sky,-26.0333,-55.9333,Bar Y Hospedaje Lucas Am√≠n
562,Gaziantep,TR,49.93,mist,37.0594,37.3825,Novotel Gaziantep
563,Ust-Uda,RU,22.42,broken clouds,54.1742,103.0304,Gostinitsa Ust'-Uda Shans
564,Kloulklubed,PW,75.7,light rain,7.0419,134.2556,Storyboard Beach Resort
565,Pasighat,IN,59.76,clear sky,28.0667,95.3333,Siang Guest House
566,Praia Da Vitoria,PT,64.76,broken clouds,38.7333,-27.0667,Hotel Branco I
567,Tottori,JP,44.67,broken clouds,35.5,134.2333,Hotel Monarque Tottori
568,Gat,IL,63.39,scattered clouds,31.61,34.7642,OlusHome
569,Namatanai,PG,82.27,overcast clouds,-3.6667,152.4333,Seagulls Inn Namatani
570,Cabra,ES,58.66,overcast clouds,37.4725,-4.4421,MS Fuente Las Piedras
571,General Roca,AR,87.62,broken clouds,-39.0333,-67.5833,Hotel El Recreo
573,Zhongshu,CN,49.57,clear sky,24.5167,103.7667,Xintianlong Hotel
574,Kenora,CA,23.97,broken clouds,49.8167,-94.4337,Maynard Lake Lodge
576,Aborlan,PH,78.87,heavy intensity rain,9.4352,118.5492,Kevina Transient House
577,Safranbolu,TR,44.85,scattered clouds,41.2508,32.6942,GuleviSafranbolu Hotel
578,Victor Harbor,AU,54.0,clear sky,-35.5667,138.6167,McCracken Country Club
579,Wanlaweyn,SO,76.91,clear sky,2.6185,44.8938,GAASHAAN HOME
580,Ambon,ID,77.14,scattered clouds,-3.6954,128.1814,Swiss-Belhotel Ambon
581,Sao Miguel Do Araguaia,BR,82.6,overcast clouds,-13.275,-50.1628,Hotel Executivo Palace
582,Wielun,PL,37.38,overcast clouds,51.221,18.5696,Zajazd Boryna
583,Khandbari,NP,56.97,broken clouds,27.3747,87.2039,Sainik Hotel And Lodge
584,Oktyabrskiy,RU,14.47,broken clouds,54.4815,53.471,–ì–æ—Å—Ç–∏–Ω–∏—Ü–∞ –û–∫—Ç—è–±—Ä—å—Å–∫–∞—è
585,Umm Lajj,SA,74.75,scattered clouds,25.0213,37.2685,Moon light Furnished Units
586,Staraya Russa,RU,29.17,overcast clouds,57.9944,31.3608,Hotel Polist
587,Itiuba,BR,78.73,broken clouds,-10.6917,-39.8536,PR√âDIO SOUSA MOTOS
588,Astaneh-Ye Ashrafiyeh,IR,53.53,broken clouds,37.2596,49.9444,Hotel Farrokhi Ÿáÿ™ŸÑ ŸÅÿ±ÿÆ€å
589,Ledyard,US,49.1,scattered clouds,41.4398,-72.0142,Stonecroft Country Inn
590,Cuxhaven,DE,43.0,overcast clouds,53.8718,8.6909,Best Western Hotel Das Donners
592,Malartic,CA,23.11,snow,48.1335,-78.1328,Camping Regional De Malartic
594,Baruun-Urt,MN,25.21,broken clouds,46.6806,113.2792,–ê—Ö–º–∞–¥—ã–Ω –∞–º—Ä–∞–ª—Ç —Å—É–≤–∏–ª–∞–ª
595,Flinders,AU,58.17,clear sky,-34.5833,150.8552,Shellharbour Resort & Conference Centre
596,Abnub,EG,62.82,overcast clouds,27.2696,31.1511,ÿØŸàÿßÿ± ÿßŸÑ ÿπÿ®ÿØ ÿßŸÑÿ¨ŸàÿßÿØ ÿ¥ÿ±ŸÇ ÿßŸÑÿ®ŸÑÿØ ÿ®ÿßÿ®ŸÜŸàÿ®
597,Sarangani,PH,79.11,overcast clouds,5.4033,125.4636,JVL Inn and Cafeteria
598,Camana,PE,66.67,broken clouds,-16.6228,-72.7111,Hostal Morales
599,Tweed,CA,33.06,overcast clouds,44.4751,-77.3162,Stoco Lake Lodge
600,Half Moon Bay,US,69.91,clear sky,37.4636,-122.4286,"The Ritz-Carlton, Half Moon Bay"
601,Kattivakkam,IN,75.29,scattered clouds,13.2167,80.3167,Euronova Freezer
603,Saint-Pierre,RE,68.92,clear sky,-21.3393,55.4781,Alize Plage
604,Lavumisa,SZ,71.94,overcast clouds,-27.31,31.892,ROADSIDE B&B
605,Nago,JP,74.25,overcast clouds,26.5881,127.9761,Hotel Yugaf Inn Okinawa
607,Port Moresby,PG,80.02,haze,-9.4431,147.1797,Lamana Hotel (Port Moresby)
608,Pontes E Lacerda,BR,89.35,clear sky,-15.2261,-59.3353,Hotel Bressan
609,Klaksvik,FO,49.12,light rain,62.2266,-6.589,Airbnb rooms
610,Diffa,NE,73.49,clear sky,13.3154,12.6113,ProDAF/Diffa
611,Lompoc,US,76.01,clear sky,34.6391,-120.4579,"Holiday Inn Express Lompoc, an IHG Hotel"
612,Kovur,IN,68.58,clear sky,14.4833,79.9833,Hotel Yesh Park
613,Kaukauna,US,34.29,broken clouds,44.278,-88.272,"Country Inn & Suites by Radisson, Appleton North, WI"
614,Port Washington,US,48.0,broken clouds,40.8257,-73.6982,"The Roslyn, Tapestry Collection by Hilton"
615,Kawalu,ID,72.21,overcast clouds,-7.3817,108.2082,West Jontor
616,Takahashi,JP,54.18,overcast clouds,34.7833,133.6167,Takahashiutsukushiimori Camping Ground
617,Puerto El Triunfo,SV,94.06,scattered clouds,13.2833,-88.55,Hotel Jardin
618,Caraguatatuba,BR,66.94,scattered clouds,-23.6338,-45.4899,Cibele Cass
620,Kwinana,AU,60.82,broken clouds,-32.25,115.7667,Rockingham Apartments
621,Seoul,KR,45.84,clear sky,37.5683,126.9778,LOTTE HOTEL SEOUL
622,Jefferson City,US,33.1,overcast clouds,38.5767,-92.1735,DoubleTree by Hilton Hotel Jefferson City
624,Camopi,GF,79.47,overcast clouds,3.1655,-52.3158,La pousada
625,San Policarpo,PH,80.8,broken clouds,12.1791,125.5072,Agapita M. Nicart
626,Manokwari,ID,77.63,overcast clouds,-0.8667,134.0833,Swiss Belhotel Manokwari
627,Pitimbu,BR,81.19,broken clouds,-7.4706,-34.8086,Reserva do Abia√≠
628,Torbay,CA,33.58,broken clouds,47.6666,-52.7314,Gallows Cove
629,Teguise,ES,64.62,clear sky,29.0605,-13.564,B&B La Casona de Nazaret
630,Upata,VE,83.19,overcast clouds,8.0086,-62.3989,Posada Villa Nela
631,Takab,IR,40.28,overcast clouds,36.4009,47.1133,ŸÜÿßŸÜŸàÿß€å€å ÿ¨ŸàÿßÿØ
632,Sechura,PE,73.63,scattered clouds,-5.5569,-80.8222,Hospedaje Costa Bella
633,Soe,ID,68.85,overcast clouds,-9.8607,124.284,Dena Hotel
634,Port Blair,IN,77.54,overcast clouds,11.6667,92.75,"Welcomhotel By ITC Hotels, Bay Island, Port Blair"
635,La Palma,US,77.29,clear sky,33.8464,-118.0467,La Quinta Inn & Suites by Wyndham Buena Park
636,Ormond Beach,US,76.06,mist,29.2858,-81.0559,Makai Beach Lodge
637,Sayansk,RU,23.16,broken clouds,54.1088,102.1648,Yubileynaya
638,Tayoltita,MX,77.25,overcast clouds,24.0833,-105.9333,Hotel La Mina Tayoltita
639,The Valley,AI,81.1,scattered clouds,18.217,-63.0578,CeBlue Villas & Beach Resort
640,Wajir,KE,79.72,scattered clouds,1.7471,40.0573,Mahatallah Hotel
641,Puerto Gaitan,CO,82.56,overcast clouds,4.3133,-72.0816,Brisas del Yucao
642,Makinsk,KZ,6.98,overcast clouds,52.6292,70.4169,Bereke
643,Gambela,ET,73.58,few clouds,8.25,34.5833,Solomon Debebe Hotel
644,Rawson,AR,63.73,clear sky,-43.3002,-65.1023,Hosteria Sampedro
645,Juba,SS,75.52,light rain,4.8517,31.5825,ROYAL PALACE HOTEL - JUBA
646,La Ronge,CA,19.65,light snow,55.1001,-105.2842,Northland Motor Hotel
648,Nevel,RU,27.21,clear sky,56.0209,29.9284,Uyut
651,Phayao,TH,67.6,few clouds,19.25,100.25,chuthagarden
652,Buta,CD,71.02,light rain,2.7858,24.73,H√¥tel BOPANDO
653,Nisia Floresta,BR,79.61,few clouds,-6.0911,-35.2086,Rancho Crepusculo
654,Kotra,IN,65.84,clear sky,25.8167,79.3167,Rathaur Samaj Dharmsala
655,Arlit,NE,70.56,clear sky,18.7369,7.3853,Case de Passage De la Prefecture
656,Isiro,CD,67.62,light rain,2.7739,27.616,Guest House Hewa Bora
657,Selizharovo,RU,28.08,overcast clouds,56.8519,33.4487,Cottage in Kubyshkino
658,Tagusao,PH,79.56,overcast clouds,9.1924,117.8141,Caycay future beach resort
659,Uige,AO,65.8,overcast clouds,-7.6087,15.0613,Hotel Catraio
660,Sibolga,ID,74.55,overcast clouds,1.7427,98.7792,Hotel Syariah CN Darussalam
661,Prabumulih,ID,73.0,overcast clouds,-3.45,104.25,OYO 2722 Lemon Residence Prabumulih
662,Grand-Santi,GF,80.46,overcast clouds,4.25,-54.3833,Hotel La Villa Couacou
663,Dymer,UA,35.85,light snow,50.7865,30.3026,Express Hostel
665,Bundaberg,AU,70.21,few clouds,-24.85,152.35,Takalvan Motel
666,Yatou,CN,49.98,clear sky,37.15,122.3833,GreenTree Hotel Rongcheng Bus Station
667,Nelson Bay,AU,59.11,scattered clouds,-32.7167,152.15,Mantra Nelson Bay
669,Tosya,TR,43.18,broken clouds,41.0155,34.0401,Galeri Basri
670,Helmsdale,GB,48.15,overcast clouds,58.1168,-3.6517,Broomhill House
671,Cleveland,US,36.36,overcast clouds,41.4995,-81.6954,Renaissance Cleveland Hotel
672,Little Current,CA,28.42,overcast clouds,45.9793,-81.9248,Hawberry Motel
673,Mizdah,LY,58.42,clear sky,31.4451,12.9801,ŸÖÿ≠ŸÖÿØÿßŸÑŸÖÿ®ÿ±ŸàŸÉ ÿßŸÑÿßÿ±ŸäŸÇÿ∑
674,Borodino,RU,30.63,broken clouds,55.9106,94.8983,Gostinnitsa Profilaktoriy
675,Vanderhoof,CA,33.1,overcast clouds,54.0166,-124.0198,Vanderhoof Inn
676,Hellvik,NO,41.18,clear sky,59.9156,5.781,Rabben feriesenter AS
677,Belfast,GB,44.38,scattered clouds,54.5833,-5.9333,Wellington Park Hotel
678,Torrijos,ES,60.08,overcast clouds,39.9819,-4.2835,Hotel La Salve
679,Batie,BF,75.15,clear sky,9.8833,-2.9167,Auberge SONDAR AFACI
680,Garmsar,IR,57.79,broken clouds,35.2182,52.3409,ŸÖÿ¨ÿ™ŸÖÿπ ŸÖÿ±ÿµÿßÿØ
681,Sao Desiderio,BR,70.21,light rain,-12.3633,-44.9733,POUSADA BOM SOSSEGO
682,Punta Gorda,US,80.01,overcast clouds,26.9298,-82.0454,Four Points by Sheraton Punta Gorda Harborside
683,Taltal,CL,65.89,few clouds,-25.4,-70.4833,Residencial Karime
684,Chalons-En-Champagne,FR,53.67,overcast clouds,48.9539,4.3672,Hotel D'Angleterre
685,Kisaran,ID,73.51,moderate rain,2.9845,99.6158,Penginapan Batubara1
686,Sulangan,PH,82.38,broken clouds,11.1373,123.7228,Maia's Beach Resort
688,Mutsu,JP,40.93,few clouds,41.2894,141.2169,Mutsu Park Hotel
689,Odweyne,SO,70.34,clear sky,9.4092,45.064,Eng Hiirey House
690,Inuvik,CA,21.96,broken clouds,68.3499,-133.7218,Nova Inn Inuvik
